{"type": "metrics", "dataset": "train", "precision": 0.8089657900556795, "balanced_accuracy": 0.6646916688511463, "recall": 0.823366582350976, "f1_score": 0.8021869578393985}
{"type": "metrics", "dataset": "test", "precision": 0.8139445134522817, "balanced_accuracy": 0.6681000149987337, "recall": 0.8300478895199911, "f1_score": 0.8116606572948564}
{"type": "cm_matrix", "dataset": "train", "true_0": {"predicted_0": 15477, "predicted_1": 751}, "true_1": {"predicted_0": 2950, "predicted_1": 1775}}
{"type": "cm_matrix", "dataset": "test", "true_0": {"predicted_0": 6716, "predicted_1": 357}, "true_1": {"predicted_0": 1169, "predicted_1": 737}}
